[
  {
    "source": "https://gist.githubusercontent.com/MrGray4/8054548a97efc425212d0b303f6c6ddb/raw/cb642942ccd9a70dd9122e5b14f2578fb659c708/countries.json",
    "notes": [
      "RUN A DIFF BEFORE UPDATING!!!",
      "Removed area country_codes from prefixes for territories that use NANP.",
      "Simplified country names",
      "Renamed fields",
      "Removed plus sign from prefixes"
    ],
    "updated": "2019-01-29T18:45:00Z",
    "updater": "Joseph Leedy <joseph@wagento.com>"
  },
  {
    "country_name": "Afghanistan",
    "prefix": "93",
    "country_code": "AF"
  },
  {
    "country_name": "Aland Islands",
    "prefix": "358",
    "country_code": "AX"
  },
  {
    "country_name": "Albania",
    "prefix": "355",
    "country_code": "AL"
  },
  {
    "country_name": "Algeria",
    "prefix": "213",
    "country_code": "DZ"
  },
  {
    "country_name": "American Samoa",
    "prefix": "1",
    "country_code": "AS"
  },
  {
    "country_name": "Andorra",
    "prefix": "376",
    "country_code": "AD"
  },
  {
    "country_name": "Angola",
    "prefix": "244",
    "country_code": "AO"
  },
  {
    "country_name": "Anguilla",
    "prefix": "1",
    "country_code": "AI"
  },
  {
    "country_name": "Antarctica",
    "prefix": "672",
    "country_code": "AQ"
  },
  {
    "country_name": "Antigua and Barbuda",
    "prefix": "1",
    "country_code": "AG"
  },
  {
    "country_name": "Argentina",
    "prefix": "54",
    "country_code": "AR"
  },
  {
    "country_name": "Armenia",
    "prefix": "374",
    "country_code": "AM"
  },
  {
    "country_name": "Aruba",
    "prefix": "297",
    "country_code": "AW"
  },
  {
    "country_name": "Australia",
    "prefix": "61",
    "country_code": "AU"
  },
  {
    "country_name": "Austria",
    "prefix": "43",
    "country_code": "AT"
  },
  {
    "country_name": "Azerbaijan",
    "prefix": "994",
    "country_code": "AZ"
  },
  {
    "country_name": "Bahamas",
    "prefix": "1",
    "country_code": "BS"
  },
  {
    "country_name": "Bahrain",
    "prefix": "973",
    "country_code": "BH"
  },
  {
    "country_name": "Bangladesh",
    "prefix": "880",
    "country_code": "BD"
  },
  {
    "country_name": "Barbados",
    "prefix": "1",
    "country_code": "BB"
  },
  {
    "country_name": "Belarus",
    "prefix": "375",
    "country_code": "BY"
  },
  {
    "country_name": "Belgium",
    "prefix": "32",
    "country_code": "BE"
  },
  {
    "country_name": "Belize",
    "prefix": "501",
    "country_code": "BZ"
  },
  {
    "country_name": "Benin",
    "prefix": "229",
    "country_code": "BJ"
  },
  {
    "country_name": "Bermuda",
    "prefix": "1",
    "country_code": "BM"
  },
  {
    "country_name": "Bhutan",
    "prefix": "975",
    "country_code": "BT"
  },
  {
    "country_name": "Bolivia",
    "prefix": "591",
    "country_code": "BO"
  },
  {
    "country_name": "Bonaire, Sint Eustatius and Saba",
    "prefix": "599",
    "country_code": "BQ"
  },
  {
    "country_name": "Bosnia and Herzegovina",
    "prefix": "387",
    "country_code": "BA"
  },
  {
    "country_name": "Botswana",
    "prefix": "267",
    "country_code": "BW"
  },
  {
    "country_name": "Bouvet Island",
    "prefix": "55",
    "country_code": "BV"
  },
  {
    "country_name": "Brazil",
    "prefix": "55",
    "country_code": "BR"
  },
  {
    "country_name": "British Indian Ocean Territory",
    "prefix": "246",
    "country_code": "IO"
  },
  {
    "country_name": "Brunei Darussalam",
    "prefix": "673",
    "country_code": "BN"
  },
  {
    "country_name": "Bulgaria",
    "prefix": "359",
    "country_code": "BG"
  },
  {
    "country_name": "Burkina Faso",
    "prefix": "226",
    "country_code": "BF"
  },
  {
    "country_name": "Burundi",
    "prefix": "257",
    "country_code": "BI"
  },
  {
    "country_name": "Cambodia",
    "prefix": "855",
    "country_code": "KH"
  },
  {
    "country_name": "Cameroon",
    "prefix": "237",
    "country_code": "CM"
  },
  {
    "country_name": "Canada",
    "prefix": "1",
    "country_code": "CA"
  },
  {
    "country_name": "Cape Verde",
    "prefix": "238",
    "country_code": "CV"
  },
  {
    "country_name": "Cayman Islands",
    "prefix": "1",
    "country_code": "KY"
  },
  {
    "country_name": "Central African Republic",
    "prefix": "236",
    "country_code": "CF"
  },
  {
    "country_name": "Chad",
    "prefix": "235",
    "country_code": "TD"
  },
  {
    "country_name": "Chile",
    "prefix": "56",
    "country_code": "CL"
  },
  {
    "country_name": "China",
    "prefix": "86",
    "country_code": "CN"
  },
  {
    "country_name": "Christmas Island",
    "prefix": "61",
    "country_code": "CX"
  },
  {
    "country_name": "Cocos (Keeling) Islands",
    "prefix": "61",
    "country_code": "CC"
  },
  {
    "country_name": "Colombia",
    "prefix": "57",
    "country_code": "CO"
  },
  {
    "country_name": "Comoros",
    "prefix": "269",
    "country_code": "KM"
  },
  {
    "country_name": "Congo",
    "prefix": "242",
    "country_code": "CG"
  },
  {
    "country_name": "The Democratic Republic of Congo",
    "prefix": "243",
    "country_code": "CD"
  },
  {
    "country_name": "Cook Islands",
    "prefix": "682",
    "country_code": "CK"
  },
  {
    "country_name": "Costa Rica",
    "prefix": "506",
    "country_code": "CR"
  },
  {
    "country_name": "Cote d'Ivoire",
    "prefix": "225",
    "country_code": "CI"
  },
  {
    "country_name": "Croatia",
    "prefix": "385",
    "country_code": "HR"
  },
  {
    "country_name": "Cuba",
    "prefix": "53",
    "country_code": "CU"
  },
  {
    "country_name": "Curaçao",
    "prefix": "599",
    "country_code": "CW"
  },
  {
    "country_name": "Cyprus",
    "prefix": "357",
    "country_code": "CY"
  },
  {
    "country_name": "Czech Republic",
    "prefix": "420",
    "country_code": "CZ"
  },
  {
    "country_name": "Denmark",
    "prefix": "45",
    "country_code": "DK"
  },
  {
    "country_name": "Djibouti",
    "prefix": "253",
    "country_code": "DJ"
  },
  {
    "country_name": "Dominica",
    "prefix": "1",
    "country_code": "DM"
  },
  {
    "country_name": "Dominican Republic",
    "prefix": "1",
    "country_code": "DO"
  },
  {
    "country_name": "Ecuador",
    "prefix": "593",
    "country_code": "EC"
  },
  {
    "country_name": "Egypt",
    "prefix": "20",
    "country_code": "EG"
  },
  {
    "country_name": "El Salvador",
    "prefix": "503",
    "country_code": "SV"
  },
  {
    "country_name": "Equatorial Guinea",
    "prefix": "240",
    "country_code": "GQ"
  },
  {
    "country_name": "Eritrea",
    "prefix": "291",
    "country_code": "ER"
  },
  {
    "country_name": "Estonia",
    "prefix": "372",
    "country_code": "EE"
  },
  {
    "country_name": "Ethiopia",
    "prefix": "251",
    "country_code": "ET"
  },
  {
    "country_name": "Falkland Islands (Malvinas)",
    "prefix": "500",
    "country_code": "FK"
  },
  {
    "country_name": "Faroe Islands",
    "prefix": "298",
    "country_code": "FO"
  },
  {
    "country_name": "Fiji",
    "prefix": "679",
    "country_code": "FJ"
  },
  {
    "country_name": "Finland",
    "prefix": "358",
    "country_code": "FI"
  },
  {
    "country_name": "France",
    "prefix": "33",
    "country_code": "FR"
  },
  {
    "country_name": "French Guiana",
    "prefix": "594",
    "country_code": "GF"
  },
  {
    "country_name": "French Polynesia",
    "prefix": "689",
    "country_code": "PF"
  },
  {
    "country_name": "French Southern and Antarctic Lands",
    "prefix": "262",
    "country_code": "TF"
  },
  {
    "country_name": "Gabon",
    "prefix": "241",
    "country_code": "GA"
  },
  {
    "country_name": "Gambia",
    "prefix": "220",
    "country_code": "GM"
  },
  {
    "country_name": "Georgia",
    "prefix": "995",
    "country_code": "GE"
  },
  {
    "country_name": "Germany",
    "prefix": "49",
    "country_code": "DE"
  },
  {
    "country_name": "Ghana",
    "prefix": "233",
    "country_code": "GH"
  },
  {
    "country_name": "Gibraltar",
    "prefix": "350",
    "country_code": "GI"
  },
  {
    "country_name": "Greece",
    "prefix": "30",
    "country_code": "GR"
  },
  {
    "country_name": "Greenland",
    "prefix": "299",
    "country_code": "GL"
  },
  {
    "country_name": "Grenada",
    "prefix": "1",
    "country_code": "GD"
  },
  {
    "country_name": "Guadeloupe",
    "prefix": "590",
    "country_code": "GP"
  },
  {
    "country_name": "Guam",
    "prefix": "1",
    "country_code": "GU"
  },
  {
    "country_name": "Guatemala",
    "prefix": "502",
    "country_code": "GT"
  },
  {
    "country_name": "Guernsey",
    "prefix": "44",
    "country_code": "GG"
  },
  {
    "country_name": "Guinea",
    "prefix": "224",
    "country_code": "GN"
  },
  {
    "country_name": "Guinea-Bissau",
    "prefix": "245",
    "country_code": "GW"
  },
  {
    "country_name": "Guyana",
    "prefix": "592",
    "country_code": "GY"
  },
  {
    "country_name": "Haiti",
    "prefix": "509",
    "country_code": "HT"
  },
  {
    "country_name": "Heard Island and McDonald Islands",
    "prefix": "672",
    "country_code": "HM"
  },
  {
    "country_name": "Holy See (Vatican City State)",
    "prefix": "379",
    "country_code": "VA"
  },
  {
    "country_name": "Honduras",
    "prefix": "504",
    "country_code": "HN"
  },
  {
    "country_name": "Hong Kong",
    "prefix": "852",
    "country_code": "HK"
  },
  {
    "country_name": "Hungary",
    "prefix": "36",
    "country_code": "HU"
  },
  {
    "country_name": "Iceland",
    "prefix": "354",
    "country_code": "IS"
  },
  {
    "country_name": "India",
    "prefix": "91",
    "country_code": "IN"
  },
  {
    "country_name": "Indonesia",
    "prefix": "62",
    "country_code": "ID"
  },
  {
    "country_name": "Iran",
    "prefix": "98",
    "country_code": "IR"
  },
  {
    "country_name": "Iraq",
    "prefix": "964",
    "country_code": "IQ"
  },
  {
    "country_name": "Ireland",
    "prefix": "353",
    "country_code": "IE"
  },
  {
    "country_name": "Isle of Man",
    "prefix": "44",
    "country_code": "IM"
  },
  {
    "country_name": "Israel",
    "prefix": "972",
    "country_code": "IL"
  },
  {
    "country_name": "Italy",
    "prefix": "39",
    "country_code": "IT"
  },
  {
    "country_name": "Jamaica",
    "prefix": "1",
    "country_code": "JM"
  },
  {
    "country_name": "Japan",
    "prefix": "81",
    "country_code": "JP"
  },
  {
    "country_name": "Jersey",
    "prefix": "44",
    "country_code": "JE"
  },
  {
    "country_name": "Jordan",
    "prefix": "962",
    "country_code": "JO"
  },
  {
    "country_name": "Kazakhstan",
    "prefix": "77",
    "country_code": "KZ"
  },
  {
    "country_name": "Kenya",
    "prefix": "254",
    "country_code": "KE"
  },
  {
    "country_name": "Kiribati",
    "prefix": "686",
    "country_code": "KI"
  },
  {
    "country_name": "North Korea",
    "prefix": "850",
    "country_code": "KP"
  },
  {
    "country_name": "South Korea",
    "prefix": "82",
    "country_code": "KR"
  },
  {
    "country_name": "Kosovo",
    "prefix": "383",
    "country_code": "XK"
  },
  {
    "country_name": "Kuwait",
    "prefix": "965",
    "country_code": "KW"
  },
  {
    "country_name": "Kyrgyzstan",
    "prefix": "996",
    "country_code": "KG"
  },
  {
    "country_name": "Laos",
    "prefix": "856",
    "country_code": "LA"
  },
  {
    "country_name": "Latvia",
    "prefix": "371",
    "country_code": "LV"
  },
  {
    "country_name": "Lebanon",
    "prefix": "961",
    "country_code": "LB"
  },
  {
    "country_name": "Lesotho",
    "prefix": "266",
    "country_code": "LS"
  },
  {
    "country_name": "Liberia",
    "prefix": "231",
    "country_code": "LR"
  },
  {
    "country_name": "Libya",
    "prefix": "218",
    "country_code": "LY"
  },
  {
    "country_name": "Liechtenstein",
    "prefix": "423",
    "country_code": "LI"
  },
  {
    "country_name": "Lithuania",
    "prefix": "370",
    "country_code": "LT"
  },
  {
    "country_name": "Luxembourg",
    "prefix": "352",
    "country_code": "LU"
  },
  {
    "country_name": "Macao",
    "prefix": "853",
    "country_code": "MO"
  },
  {
    "country_name": "Macedonia",
    "prefix": "389",
    "country_code": "MK"
  },
  {
    "country_name": "Madagascar",
    "prefix": "261",
    "country_code": "MG"
  },
  {
    "country_name": "Malawi",
    "prefix": "265",
    "country_code": "MW"
  },
  {
    "country_name": "Malaysia",
    "prefix": "60",
    "country_code": "MY"
  },
  {
    "country_name": "Maldives",
    "prefix": "960",
    "country_code": "MV"
  },
  {
    "country_name": "Mali",
    "prefix": "223",
    "country_code": "ML"
  },
  {
    "country_name": "Malta",
    "prefix": "356",
    "country_code": "MT"
  },
  {
    "country_name": "Marshall Islands",
    "prefix": "692",
    "country_code": "MH"
  },
  {
    "country_name": "Martinique",
    "prefix": "596",
    "country_code": "MQ"
  },
  {
    "country_name": "Mauritania",
    "prefix": "222",
    "country_code": "MR"
  },
  {
    "country_name": "Mauritius",
    "prefix": "230",
    "country_code": "MU"
  },
  {
    "country_name": "Mayotte",
    "prefix": "262",
    "country_code": "YT"
  },
  {
    "country_name": "Mexico",
    "prefix": "52",
    "country_code": "MX"
  },
  {
    "country_name": "Federated States of Micronesia",
    "prefix": "691",
    "country_code": "FM"
  },
  {
    "country_name": "Moldova",
    "prefix": "373",
    "country_code": "MD"
  },
  {
    "country_name": "Monaco",
    "prefix": "377",
    "country_code": "MC"
  },
  {
    "country_name": "Mongolia",
    "prefix": "976",
    "country_code": "MN"
  },
  {
    "country_name": "Montenegro",
    "prefix": "382",
    "country_code": "ME"
  },
  {
    "country_name": "Montserrat",
    "prefix": "1",
    "country_code": "MS"
  },
  {
    "country_name": "Morocco",
    "prefix": "212",
    "country_code": "MA"
  },
  {
    "country_name": "Mozambique",
    "prefix": "258",
    "country_code": "MZ"
  },
  {
    "country_name": "Myanmar",
    "prefix": "95",
    "country_code": "MM"
  },
  {
    "country_name": "Namibia",
    "prefix": "264",
    "country_code": "NA"
  },
  {
    "country_name": "Nauru",
    "prefix": "674",
    "country_code": "NR"
  },
  {
    "country_name": "Nepal",
    "prefix": "977",
    "country_code": "NP"
  },
  {
    "country_name": "Netherlands",
    "prefix": "31",
    "country_code": "NL"
  },
  {
    "country_name": "Netherlands Antilles",
    "prefix": "599",
    "country_code": "AN"
  },
  {
    "country_name": "New Caledonia",
    "prefix": "687",
    "country_code": "NC"
  },
  {
    "country_name": "New Zealand",
    "prefix": "64",
    "country_code": "NZ"
  },
  {
    "country_name": "Nicaragua",
    "prefix": "505",
    "country_code": "NI"
  },
  {
    "country_name": "Niger",
    "prefix": "227",
    "country_code": "NE"
  },
  {
    "country_name": "Nigeria",
    "prefix": "234",
    "country_code": "NG"
  },
  {
    "country_name": "Niue",
    "prefix": "683",
    "country_code": "NU"
  },
  {
    "country_name": "Norfolk Island",
    "prefix": "672",
    "country_code": "NF"
  },
  {
    "country_name": "Northern Mariana Islands",
    "prefix": "1",
    "country_code": "MP"
  },
  {
    "country_name": "Norway",
    "prefix": "47",
    "country_code": "NO"
  },
  {
    "country_name": "Oman",
    "prefix": "968",
    "country_code": "OM"
  },
  {
    "country_name": "Pakistan",
    "prefix": "92",
    "country_code": "PK"
  },
  {
    "country_name": "Palau",
    "prefix": "680",
    "country_code": "PW"
  },
  {
    "country_name": "Palestinian Territory",
    "prefix": "970",
    "country_code": "PS"
  },
  {
    "country_name": "Panama",
    "prefix": "507",
    "country_code": "PA"
  },
  {
    "country_name": "Papua New Guinea",
    "prefix": "675",
    "country_code": "PG"
  },
  {
    "country_name": "Paraguay",
    "prefix": "595",
    "country_code": "PY"
  },
  {
    "country_name": "Peru",
    "prefix": "51",
    "country_code": "PE"
  },
  {
    "country_name": "Philippines",
    "prefix": "63",
    "country_code": "PH"
  },
  {
    "country_name": "Pitcairn",
    "prefix": "870",
    "country_code": "PN"
  },
  {
    "country_name": "Poland",
    "prefix": "48",
    "country_code": "PL"
  },
  {
    "country_name": "Portugal",
    "prefix": "351",
    "country_code": "PT"
  },
  {
    "country_name": "Puerto Rico",
    "prefix": "1",
    "country_code": "PR"
  },
  {
    "country_name": "Qatar",
    "prefix": "974",
    "country_code": "QA"
  },
  {
    "country_name": "Romania",
    "prefix": "40",
    "country_code": "RO"
  },
  {
    "country_name": "Russia",
    "prefix": "7",
    "country_code": "RU"
  },
  {
    "country_name": "Rwanda",
    "prefix": "250",
    "country_code": "RW"
  },
  {
    "country_name": "Reunion",
    "prefix": "262",
    "country_code": "RE"
  },
  {
    "country_name": "Saint Barthelemy",
    "prefix": "590",
    "country_code": "BL"
  },
  {
    "country_name": "Saint Helena, Ascension and Tristan Da Cunha",
    "prefix": "290",
    "country_code": "SH"
  },
  {
    "country_name": "Saint Kitts and Nevis",
    "prefix": "1",
    "country_code": "KN"
  },
  {
    "country_name": "Saint Lucia",
    "prefix": "1",
    "country_code": "LC"
  },
  {
    "country_name": "Saint Martin",
    "prefix": "590",
    "country_code": "MF"
  },
  {
    "country_name": "Saint Pierre and Miquelon",
    "prefix": "508",
    "country_code": "PM"
  },
  {
    "country_name": "Saint Vincent and the Grenadines",
    "prefix": "1",
    "country_code": "VC"
  },
  {
    "country_name": "Samoa",
    "prefix": "685",
    "country_code": "WS"
  },
  {
    "country_name": "San Marino",
    "prefix": "378",
    "country_code": "SM"
  },
  {
    "country_name": "Sao Tome and Principe",
    "prefix": "239",
    "country_code": "ST"
  },
  {
    "country_name": "Saudi Arabia",
    "prefix": "966",
    "country_code": "SA"
  },
  {
    "country_name": "Senegal",
    "prefix": "221",
    "country_code": "SN"
  },
  {
    "country_name": "Serbia",
    "prefix": "381",
    "country_code": "RS"
  },
  {
    "country_name": "Seychelles",
    "prefix": "248",
    "country_code": "SC"
  },
  {
    "country_name": "Sierra Leone",
    "prefix": "232",
    "country_code": "SL"
  },
  {
    "country_name": "Singapore",
    "prefix": "65",
    "country_code": "SG"
  },
  {
    "country_name": "Sint Maarten",
    "prefix": "1",
    "country_code": "SX"
  },
  {
    "country_name": "Slovakia",
    "prefix": "421",
    "country_code": "SK"
  },
  {
    "country_name": "Slovenia",
    "prefix": "386",
    "country_code": "SI"
  },
  {
    "country_name": "Solomon Islands",
    "prefix": "677",
    "country_code": "SB"
  },
  {
    "country_name": "Somalia",
    "prefix": "252",
    "country_code": "SO"
  },
  {
    "country_name": "South Africa",
    "prefix": "27",
    "country_code": "ZA"
  },
  {
    "country_name": "South Sudan",
    "prefix": "211",
    "country_code": "SS"
  },
  {
    "country_name": "South Georgia and the South Sandwich Islands",
    "prefix": "500",
    "country_code": "GS"
  },
  {
    "country_name": "Spain",
    "prefix": "34",
    "country_code": "ES"
  },
  {
    "country_name": "Sri Lanka",
    "prefix": "94",
    "country_code": "LK"
  },
  {
    "country_name": "Sudan",
    "prefix": "249",
    "country_code": "SD"
  },
  {
    "country_name": "Suricountry_name",
    "prefix": "597",
    "country_code": "SR"
  },
  {
    "country_name": "Svalbard and Jan Mayen",
    "prefix": "47",
    "country_code": "SJ"
  },
  {
    "country_name": "Swaziland",
    "prefix": "268",
    "country_code": "SZ"
  },
  {
    "country_name": "Sweden",
    "prefix": "46",
    "country_code": "SE"
  },
  {
    "country_name": "Switzerland",
    "prefix": "41",
    "country_code": "CH"
  },
  {
    "country_name": "Syria",
    "prefix": "963",
    "country_code": "SY"
  },
  {
    "country_name": "Taiwan",
    "prefix": "886",
    "country_code": "TW"
  },
  {
    "country_name": "Tajikistan",
    "prefix": "992",
    "country_code": "TJ"
  },
  {
    "country_name": "Tanzania",
    "prefix": "255",
    "country_code": "TZ"
  },
  {
    "country_name": "Thailand",
    "prefix": "66",
    "country_code": "TH"
  },
  {
    "country_name": "Timor-Leste",
    "prefix": "670",
    "country_code": "TL"
  },
  {
    "country_name": "Togo",
    "prefix": "228",
    "country_code": "TG"
  },
  {
    "country_name": "Tokelau",
    "prefix": "690",
    "country_code": "TK"
  },
  {
    "country_name": "Tonga",
    "prefix": "676",
    "country_code": "TO"
  },
  {
    "country_name": "Trinidad and Tobago",
    "prefix": "1",
    "country_code": "TT"
  },
  {
    "country_name": "Tunisia",
    "prefix": "216",
    "country_code": "TN"
  },
  {
    "country_name": "Turkey",
    "prefix": "90",
    "country_code": "TR"
  },
  {
    "country_name": "Turkmenistan",
    "prefix": "993",
    "country_code": "TM"
  },
  {
    "country_name": "Turks and Caicos Islands",
    "prefix": "1",
    "country_code": "TC"
  },
  {
    "country_name": "Tuvalu",
    "prefix": "688",
    "country_code": "TV"
  },
  {
    "country_name": "Uganda",
    "prefix": "256",
    "country_code": "UG"
  },
  {
    "country_name": "Ukraine",
    "prefix": "380",
    "country_code": "UA"
  },
  {
    "country_name": "United Arab Emirates",
    "prefix": "971",
    "country_code": "AE"
  },
  {
    "country_name": "United Kingdom",
    "prefix": "44",
    "country_code": "GB"
  },
  {
    "country_name": "United States",
    "prefix": "1",
    "country_code": "US"
  },
  {
    "country_name": "United States Minor Outlying Islands",
    "prefix": "1",
    "country_code": "UM"
  },
  {
    "country_name": "Uruguay",
    "prefix": "598",
    "country_code": "UY"
  },
  {
    "country_name": "Uzbekistan",
    "prefix": "998",
    "country_code": "UZ"
  },
  {
    "country_name": "Vanuatu",
    "prefix": "678",
    "country_code": "VU"
  },
  {
    "country_name": "Venezuela",
    "prefix": "58",
    "country_code": "VE"
  },
  {
    "country_name": "Vietnam",
    "prefix": "84",
    "country_code": "VN"
  },
  {
    "country_name": "Virgin Islands, British",
    "prefix": "1",
    "country_code": "VG"
  },
  {
    "country_name": "Virgin Islands, U.S.",
    "prefix": "1",
    "country_code": "VI"
  },
  {
    "country_name": "Wallis and Futuna",
    "prefix": "681",
    "country_code": "WF"
  },
  {
    "country_name": "Western Sahara",
    "prefix": "212",
    "country_code": "EH"
  },
  {
    "country_name": "Yemen",
    "prefix": "967",
    "country_code": "YE"
  },
  {
    "country_name": "Zambia",
    "prefix": "260",
    "country_code": "ZM"
  },
  {
    "country_name": "Zimbabwe",
    "prefix": "263",
    "country_code": "ZW"
  }
]